{"cameraMode":{"drawMode":0,"name":"Shaded","section":"Shading Mode"},"sceneLighting":false,"audioPlay":false,"sceneViewState":{"showFog":true,"showMaterialUpdate":false,"showSkybox":true,"showFlares":true,"showImageEffects":true,"showParticleSystems":true},"in2DMode":false,"pivot":{"x":0.2769734561443329,"y":10.033415794372559,"z":-0.011844754219055176},"rotation":{"x":-0.021241920068860055,"y":0.01509814616292715,"z":0.0048248604871332649,"w":0.9996495842933655},"size":2.181626081466675,"orthographic":false}